{
  "description": "ANN parameters extracted from 回归IK-CAPE.xlsx (Table S3. MNLR and ANN calculators)",
  "source_file": "回归IK-CAPE.xlsx",
  "architecture": {
    "input_features": [
      "M",
      "Vc",
      "Tc",
      "Pc",
      "omega",
      "T"
    ],
    "layer1": {
      "activation": "tanh",
      "nodes": 8,
      "formula": "tanh(0.5 * (sum(w*x) + b))"
    },
    "layer2": {
      "activation": "tanh",
      "nodes": 7,
      "formula": "tanh(0.5 * (sum(w*x) + b))"
    },
    "output": {
      "activation": "abs",
      "nodes": 1,
      "formula": "abs(sum(w*x) + b)"
    }
  },
  "notes": [
    "The spreadsheet contains two identical ANN calculators side-by-side (columns H-N and R-X).",
    "Both use the same weights and biases shown here.",
    "Visible formulas apply tanh(0.5 * linear_sum), so the effective pre-activation is halved."
  ],
  "layer1": {
    "H1": {
      "weights": {
        "M": 0.18720932553287,
        "Vc": -0.0336889612201275,
        "Tc": -0.0813869407625003,
        "Pc": -0.153966238012489,
        "omega": -32.7101094184235,
        "T": -0.00104205780578987
      },
      "bias": 74.1169747603544
    },
    "H2": {
      "weights": {
        "M": 0.0883890704996963,
        "Vc": -0.0253274911980103,
        "Tc": -0.137713486264799,
        "Pc": -0.0388953211279899,
        "omega": 15.8722443189994,
        "T": -0.0147692689143463
      },
      "bias": 93.3111615628053
    },
    "H3": {
      "weights": {
        "M": -0.246373281651392,
        "Vc": 0.0169170230353126,
        "Tc": 0.0282728395879167,
        "Pc": -1.04544504939015,
        "omega": 22.1990300728435,
        "T": 1.8854905319685
      },
      "bias": -557.465517372322
    },
    "H4": {
      "weights": {
        "M": -0.0950241171974512,
        "Vc": 0.133329461297022,
        "Tc": -0.191768250838276,
        "Pc": -0.188836166821388,
        "omega": -49.3736968141148,
        "T": 0.000542755466471281
      },
      "bias": 134.312548403743
    },
    "H5": {
      "weights": {
        "M": -0.0201935951635105,
        "Vc": 0.0284232087575103,
        "Tc": 0.0216727304708947,
        "Pc": 0.0413153914399634,
        "omega": -28.0401490542013,
        "T": 0.00350563566797934
      },
      "bias": -1.48247318617113
    },
    "H6": {
      "weights": {
        "M": 0.00207331584210404,
        "Vc": 0.0019892963090648,
        "Tc": -0.000551223939513857,
        "Pc": 0.00353609476370714,
        "omega": 0.0129106501736866,
        "T": 0.000815812286129012
      },
      "bias": -1.48571097782114
    },
    "H7": {
      "weights": {
        "M": 0.0172613875478861,
        "Vc": -0.0152410455684845,
        "Tc": -0.0104251578808896,
        "Pc": 0.00491008591670149,
        "omega": 20.8927313140202,
        "T": 0.000497575090285748
      },
      "bias": -2.34000838252807
    },
    "H8": {
      "weights": {
        "M": -0.00186751016765168,
        "Vc": 0.0130693042826687,
        "Tc": -0.0337364984778925,
        "Pc": 0.0194718981292518,
        "omega": 4.19227338978426,
        "T": -0.00053663357637221
      },
      "bias": 13.9835879116966
    }
  },
  "layer2": {
    "HH1": {
      "weights": {
        "H1": -0.564357775961371,
        "H2": 1.04493993351897,
        "H3": 0.0578676297901306,
        "H4": -3.22285673806117,
        "H5": -2.0411276696418,
        "H6": -7.03493940789675,
        "H7": -3.05980145301729,
        "H8": -2.72970869526112
      },
      "bias": -4.70219773180743
    },
    "HH2": {
      "weights": {
        "H1": -1.44097161821216,
        "H2": -0.640463587438576,
        "H3": 0.07169037066532,
        "H4": 3.40532273720276,
        "H5": -1.19450532708924,
        "H6": 2.62104328521255,
        "H7": 0.777947123633988,
        "H8": 0.0531487240708421
      },
      "bias": 0.856023711617578
    },
    "HH3": {
      "weights": {
        "H1": -13.3320981425862,
        "H2": 0.780458176621569,
        "H3": -0.0400829086203535,
        "H4": -1.52337144798986,
        "H5": 12.7609148334345,
        "H6": -7.45320105771541,
        "H7": -12.0268612356908,
        "H8": 10.1236212238909
      },
      "bias": 4.36268819088328
    },
    "HH4": {
      "weights": {
        "H1": 10.629566349395,
        "H2": 0.176933266925897,
        "H3": -3.48950453401263,
        "H4": 5.70776844329167,
        "H5": -1.07833551953082,
        "H6": 8.34557585844406,
        "H7": -8.76146766694984,
        "H8": 16.9687763804278
      },
      "bias": -3.8218173989436
    },
    "HH5": {
      "weights": {
        "H1": -2.50636265519925,
        "H2": 3.32052953679886,
        "H3": 0.25881478371017,
        "H4": -5.02348996860079,
        "H5": -0.25936561191072,
        "H6": -5.7192795786093,
        "H7": 10.8784257338398,
        "H8": 1.15282796673033
      },
      "bias": -8.85904900689921
    },
    "HH6": {
      "weights": {
        "H1": 2.7570582001964,
        "H2": 3.18322967619442,
        "H3": -0.398399728796961,
        "H4": 1.55701257228462,
        "H5": 12.1756546691049,
        "H6": -0.626248615303778,
        "H7": -9.21582078750941,
        "H8": -18.64711646222
      },
      "bias": 7.68248412724283
    },
    "HH7": {
      "weights": {
        "H1": -0.550830788329684,
        "H2": 0.277488012311484,
        "H3": 0.0609905330659221,
        "H4": -1.33680751955956,
        "H5": -0.186929930766473,
        "H6": 1.18213959003923,
        "H7": -0.208816609936282,
        "H8": -0.188604660308714
      },
      "bias": 1.7465027489404
    }
  },
  "output": {
    "weights": {
      "HH1": -124.471010297675,
      "HH2": 198.503026083253,
      "HH3": -78.1320686725066,
      "HH4": 27.3601326610754,
      "HH5": -137.923898378685,
      "HH6": 54.958573414439,
      "HH7": 542.031476491707
    },
    "bias": 29.0449448755698
  }
}